ID	Rule	Book	ScenarioNo	ScenarioTitle	Exp	Divine	その他	アクトトレーラー
1	X	TNX	1	Sound of Silence	0～30点	防御系神業を3個以上（キャストが3人の場合、2個以上）。		
2	X	TNX	2	見上げてごらん、夜空の星を	0～30点	防御系神業を3個以上（キャストが3人の場合、2個以上）、展開により4個以上。		
3	X	TOS	1	Chimera Heart	0～30点	防御系神業を3個以上。また他人を守れる神業がもう1個あると友好的なゲストの死亡を防ぐことができる。		
4	X	TOS	2	Hopeless Runaway	0～30点	防御系神業を2個以上。隠蔽系神業を1個以上（キャストが3人の場合、不要）。また万能系神業がもう1個あるとゲストの死亡を防ぐことができる。	『①カゼ』は乗員6人以上のヴィークルを取得することが望ましい。	
5	X	CTL	1	Beyond the Black Night	0～30点	防御系神業を3個以上。また他人を守れる神業がもう1個あると友好的なゲストの死亡を防ぐことができる。	ワールドワイドなアクトである。メインの都市社会技能は〈社会：N◎VA〉。	
6	X	CTL	2	Cross The Line	0～30点	防御系神業を3個以上。他に《チャイ》または万能系神業がひとつ以上あると役に立つ。	メインの都市社会技能は〈社会：N◎VA〉。	
7	X	CHM	1	BLAKK BOX アクト1 『過去からの告発者』	0点	防御系神業を3個以上。	メインの都市社会技能は〈社会：N◎VA〉。	
8	X	CHM	2	BLAKK BOX アクト2 『好奇心は猫を殺す』	30点以上	防御系神業を1個以上。情報開示用の神業を1個以上。	メインの都市社会技能は〈社会：N◎VA〉。	
9	X	CHM	3	BLAKK BOX アクト3 『さまよえるオランダ人』	50～70点	防御系神業を3個以上。	メインの都市社会技能は〈社会：N◎VA〉。	
10	X	BTD	1	ファイブカード!!	0点	防御系神業を4個以上。	本シナリオはダブルハンドアウトを採用している。	
11	X	BTD	2	ビハインド・ザ・ダーク	0～30点	防御系神業を5個以上（キャストが4人の場合、4個以上）。	アクトの展開によっては戦闘が多くなり、防御系神業がさらに必要になることがある。	
12	X	HDB	1	トゥモロー・ファクトリー	0～50点	防御系神業を3個以上。他に《真実》《電脳神》の使い方はシナリオで想定されている。		
13	X	HDB	2	ヘヴン・ダウンビロウ	0～40点	防御系神業を4個以上（キャストが3人の場合、3個以上）。		
14	X	ATS	1	Raid from The Future	0～30点	防御系神業を3個以上（キャストが3人の場合、2個以上）。	キャストが5人の場合、RLはゲストをひとり追加してもよい。必要な防御神業は要調整。	
15	X	ATS	2	Heaven's On Fire	0～30点	防御系神業を3個以上（参加キャストがひとり減るごとに-1される）。	『①イブキ』がシナリオ中に連絡を取る人物としてハービー・ジョンソン（『ATS』P27）が登場。	
16	X	ASC	1	コールドケース・ヴィレッジ	0～40点	防御系神業を4個以上（キャストが4人の場合は3個以上、3人以下の場合は2個以上）。		
17	X	ASC	2	ティタノマキア	0～40点	防御系神業を3個以上（キャストが少ない場合、2個以上）。キャスト①以外はコンストラクションでの作成が必要。	注意事項多数。	
18	X	GF18-1	1	Murder City	0～30点	防御系神業を3個以上（キャストが3人の場合、2個以上）。ただしアクトの進行によってはひとつ増える場合がある。		
19	X	GF18-6	1	Land of the Free	0～30点	防御系神業を2個以上。なおカゼの《脱出》は他の使用想定があるため含めない。	『①カゼ』はクライマックスフェイズにおいてFSを進める役割を求められる。また乗員6人以上のヴィークルを取得することが望ましい。メインの都市社会技能は〈社会：ミトラスGARDEN〉。	
20	X	GF22-1	1	Beyond the Deep Space	0～40点	防御系神業を3個以上（キャストが3人の場合、2個以上）。		
21	X	GF24-2	1	ステアウェイ・トゥ・ヘブン	ボーナス150点	防御系神業を6個以上（キャストが4人の場合は5個以上、3人の場合は3個以上）。	コンストラクションでのキャスト作成を推奨。キャストのうち何人かは死亡するようなバランスでデザインされている。ダブルハンドアウトルール（一部特殊運用）を採用する。	
22	X	GF26-5	1	What you seeked	0～40点	防御系神業を3個以上（キャストが3人の場合、2個以上）。またゲストを助けるために《真実》《電脳神》などが2個必要（キャストが3人の場合は1個）。	キャスト間にコンフリクトが生じる公正であるため、プレアクトでプレイヤーはよく話し合い、共通認識を持つこと。	
23	X	GFEX-29	1	Seven Wanders in College	0～30点	防御系神業を3個以上（キャストが3人の場合、2個以上）。《電脳神》と《真実》はアクト進行で使用が想定されている。	キャストはすべて高等部の学生を想定している。	
24	X	GFEX-29	2	Blast from the Past	0～30点	防御系神業を4個以上（キャストが3人の場合、3個以上）。		
25	X	GFEX-33	1	ニューロエイジ・シンデレラ・ストーリー	0～40点	防御系神業を3個以上（キャストが3人の場合、2個以上）。《真実》はアクト進行で使用が想定されている。シナリオ内の失敗によりヒロインが死亡するケースがある。		
26	X	GFEX-36	1	Asgard Crisis	0～40点	防御系神業を3個以上（キャストが3人の場合、2個以上）。シナリオの展開によりもう1個。《電脳神》はアクト進行で使用が想定されている。		
27	X	SSSX01	1	イン・トゥ・ザ・ナイト	0点	防御系神業を3個以上（キャストが4人以下の場合、2個以上）。	全3話のキャンペーンシナリオの想定。単体でも遊べる。	
28	X	SSSX01	2	アフター・デイブレイク	0～40点	防御系神業を3個以上（キャストが3人の場合、2個以上）。	全3話のキャンペーンシナリオの想定。シナリオ1の続きとしても、シナリオ3の前編としても遊べる。プレイヤーが4人の場合は『③ニューロ』を、3人の場合はさらに『④イヌ』を抜く。	
29	X	SSSX01	3	ナイト・ムーヴズ	35～80点	防御系神業を3個以上（キャストが3人の場合、2個以上）。	全3話のキャンペーンシナリオの想定。単体で遊ぶのには向いていない。	
30	X	SSSX02	1	悪魔のいる天国	0～30点	防御系神業を4個以上（キャストが3人の場合、3個以上）。《電脳神》などの情報を入手できる神業がひとつ以上（《真実》は不可）。	本シナリオはダブルハンドアウトを採用している。〈社会：ストリート〉の所持を推奨。	
31	X	SSSX02	2	エスケープ・フロム・イワサキ	0～30点	防御系神業を2個以上（キャストが3人の場合、1個以上）。	本シナリオはダブルハンドアウトを採用している。	
32	X	SSSX02	3	Showdown!	80～120点	防御系神業を3個以上。	本シナリオはダブルハンドアウトを採用している。『③クロマク』の《腹心》は「ゲストを作成する」という目的では使用できない。主に〈社会：ストリート〉を使用する。	
33	X	SSSX03	1	ヴァンパイア・フロム・ナイト	0～35点	防御系神業を3個以上（キャストが3人の場合、1個以上）。《電脳神》などの情報を入手できる神業がひとつ以上。	〈社会：アストラル〉を持つキャストがいることが望ましい。	
34	X	SSSX03	2	トーキョーN◎VA捧げます	0～35点	防御系神業を3個以上（キャストが3人の場合、2個以上）。	〈社会：アストラル〉を持つキャストがいることが望ましい。FS判定を行う想定。	
35	X	SSSX03	3	魔王を継ぐモノ	80～120点	防御系神業を4個以上（キャストが4人以下の場合、3個以上）。	『①アヤカシ』は〈血脈：～～〉を1レベル以上取得することが望ましい。	
36	X	SSSX04	1	セイム・オールド・ストーリー	0～40点	防御系神業を4個以上（キャストが3人の場合、3個以上）。	全3話のキャンペーンシナリオ。独立して遊ぶことは考えられていない。キャンペーンセッティングとして多数の事前情報がある。	
37	X	SSSX04	2	ゲーム・オブ・クリミナル	30～80点	防御系神業を4個以上（キャストが3人の場合、3個以上）。	全3話のキャンペーンシナリオ。独立して遊ぶことは考えられていない。キャンペーンセッティングとして多数の事前情報がある。	
38	X	SSSX04	3	プラチナムレイダー	60～120点	防御系神業を4個以上（キャストが3人の場合、3個以上）。	全3話のキャンペーンシナリオ。独立して遊ぶことは考えられていない。キャンペーンセッティングとして多数の事前情報がある。	
39	X	SSSX05	1	フォロー・ユー、フォロー・ミー	0～40点	防御系神業を3個以上（キャストが3人の場合、2個以上）。		
40	X	SSSX05	2	スーパーフレーズ・レジェンドファイブ	0～40点	防御系神業を4個以上（キャストが4人の場合は3個以上、3人の場合は2個以上）。		
41	X	SSSX05	3	復讐の炎	0～40点	防御系神業を4個以上（キャストが少ない場合、3個以上）。		
42	X	SSSX06	1	クロッシングポイント	0～40点	防御系神業を3個以上（キャストが少ない場合、2個以上）。ただしキャストの行動によっては即死系神業を使ってくるゲストがいる。		
43	X	SSSX06	2	黒い迷宮（ラビリンス）	0～40点	防御系神業を3個以上（キャストが少ない場合、2個以上）。		
44	X	SSSX06	3	巨悪討つべし	0～40点	防御系神業を3個以上（キャストが少ない場合、2個以上）。4個以上の《制裁》が必要（キャストの人数が少ない場合、ゲストが《制裁》を使用する等の対処あり）		
45	X	SSSX07	1	ライトニングツアー THE AXLERATION	0～40点	防御系神業を3～4個以上（キャストが少ない場合、2個以上）。	特別に〈社会：N◎VA〉は各地の都市技能として使用可能とする。	
46	X	SSSX07	2	マシンハート・ストーリー	0～40点	防御系神業を5個以上（キャストが少ない場合、3個以上）。	キャスト間でどのように協調行動を行うかの指定はシナリオにはない。主に〈社会：テクノロジー〉を使用する。	
47	X	SSSX07	3	新鋭艦わだつみ応答せず	100～150点	キャストの行動により防御系神業を3～8個以上（キャストが少ない場合、2個以上）。2個程度の《突破》があると有利な展開あり。	〈社会：軍事〉や、〈社会：ストリート、企業、テクノロジー〉が有効。〈社会：N◎VA〉を都市社会技能として使えるものとする。	
48	X	SSSX08	1	キャシーのN◎VAな一日	0点	防御系神業を4個以上（キャストが3人の場合、3個以上）。《真実》などがひとつ。		
49	X	SSSX08	2	Back in Black	0～40点	防御系神業を3個以上（キャストが3人の場合、2個以上）。		
50	X	SSSX08	3	龍爪恩讐奇伝　ドラゴンクロウ・ストーリー	150～200点	キャストの選択により防御系神業を4～6個以上（キャストが少ない場合、3～4個）。	達成値23～25、中には30を超えるゲスト等が多数登場するため、キャストにも強い戦闘力を持つことが期待される。即死系神業も活躍が見込める。	
51	X	SSSX09	1	墜落天使症候群（フォールンスター・シンドローム）	0点	防御系神業を4個以上（キャストが少ない場合、ゲストが神業を使う措置が取られる）。	全3話のキャンペーンシナリオ。シナリオ1は単体でも遊べる。プレイヤーが4人の場合は『④カタナ』を、3人の場合はさらに『⑤バサラ』を抜く。	
52	X	SSSX09	2	奇跡のための連続殺人		防御系神業を5個以上（キャストが4人の場合は3個以上、3人の場合はゲストが神業を使う措置が取られる）。	全3話のキャンペーンシナリオ。経験点は「シナリオ1で獲得した経験点」を使用する想定。	
53	X	SSSX09	3	神は天にあり	60～80点	キャストの選択により防御系神業を3～4個以上（キャストが3人の場合、1～2個以上）。	全3話のキャンペーンシナリオ。FS判定を行う想定。	
54	X	SSSX10	1	FIRE STALKER	0～40点	防御系神業を3個以上（キャストが3人の場合、2個以上）。『①イブキ』の《人命救助》および『③ニューロ』の《電脳神》は使用想定シーンがある。		
55	X	SSSX10	2	World Savers Go!!	100～150点	防御系神業を3個以上（キャストが3人の場合、1個以上）。キャストの行動により増えるシーンがある。《人命救助》や《脱出》《突破》の使用想定シーンがある。	飛行船内部（①イブキ、③カタナ、⑤コモン）、外部（②カゼ、④ニューロ）でのチーム分け、登場制限がある。〈操縦：航空機〉の判定や戦闘が用意されている。FS判定を行う想定。	
56	X	SSSX10	3	アタック・オブ・ザ・ニューロゾンビ	0点	防御系神業を3個以上（キャストが3人の場合、2個以上）。	アクトルールにより、キャストがゾンビになる可能性がある。ゾンビ化したままアクトを終えることはキャストの死と同義。特別に〈社会：N◎VA〉は使用可。	
57	X	SSSX11	1	新たなる契約者	0点	防御系神業を4個以上（キャストが3人の場合、3個以上）。『③バサラ』の《天変地異》は使用想定シーンがある。	キャンペーンシナリオとなる。	
58	X	SSSX11	2	呪われたマンション（シナリオフック）			キャンペーンシナリオとなる。前話までに獲得した経験点を使用することを想定。	
59	X	SSSX11	3	魔宴の果てに		防御系神業を4個以上（キャストが4人の場合は3個以上、3人の場合は2個以上）。	キャンペーンシナリオとなる。前話までに獲得した経験点を使用することを想定。ゲストは経験点40～80点のキャストを前提に作成されている。	
60	X	SSSX11	4	慟哭の夜（シナリオフック）			キャンペーンシナリオとなる。前話までに獲得した経験点を使用することを想定。	
61	X	SSSX11	5	魔神咆哮		防御系神業を3個以上（キャストが3人の場合、2個以上）。	キャンペーンシナリオとなる。前話までに獲得した経験点を使用することを想定。ゲストは経験点80～120点のキャストを前提に作成されている。舞台はカムイST☆R。特別に〈社会：N◎VA〉は使用可。	
62	X	SSSX11	6	魔神殺し（シナリオフック）			キャンペーンシナリオとなる。前話までに獲得した経験点を使用することを想定。ゲストは経験点200点前後のキャストを前提に作成されている。基本的に戦闘のみ。	
63	X	SSSX12	1	遙か星の彼方へ	0点	防御系神業を3個以上（キャストが3人の場合、2個以上）。『①タタラ』の《タイムリー》は使える場面はあるが、シナリオ進行に使用は想定しない。	共通する注意点あり。エトランゼのキャストは推奨しない。FS判定を行う想定。	
64	X	SSSX12	2	タイムポリス	0～40点	防御系神業を3個以上（キャストが3人の場合、2個以上）。	共通する注意点あり。クイックスタートの場合、『①エトランゼ』は〈フロム：アウタースペース〉を〈フロム：フューチャー〉に変更すること。	
65	X	SSSX12	3	エトランゼバース	40～50点	防御系神業を3個以上（キャストが3人の場合、2個以上）。キャストが最低1回は《超越品》を使用するシーンを用意している。	共通する注意点あり。ダブルハンドアウトを採用している。	
66	X	SSSX13	1	運命交差点	0～40点	防御系神業を3個以上（キャストが少ない場合、1個以上）。	『①コモン』はペルソナにコモンを指定すること。	
67	X	SSSX13	2	激闘!!　ニューロサッカー	0点	防御系神業を4個以上（キャストが少ない場合は調整が行われる。ゲストからの《ファイト！》による支援もあり）。	『①コモン』はペルソナにコモンを指定すること。〈運動〉〈芸術：サッカー〉を使うFS判定を行う想定のため、これを取得するための10経験点を与えてもよい。	
68	X	SSSX13	3	命がけの娯楽（ライフ・イズ・ゲーム）		防御系神業を2個以上。ただしアクトの展開によってはさらに6個以上。推奨スタイルの神業について、アクト内で特別な使用方法が想定されている箇所はない。	『①コモン』はペルソナにコモンを指定すること。ゲーム内ゲームの特別ルールあり。	
69	X	SSSX14	1	アイドル北へ行く	0～40点	防御系神業を3個以上（キャストが少ない場合、1～2個以上）。	TN97のカムイST☆Rが舞台。キャスト③～⑤はスタイルを変更可能。	
70	X	SSSX14	2	13mmの死神	0～40点	防御系神業を4個以上（キャストが4人の場合は3個以上、3人の場合は2個以上）。	TN99が舞台。キャスト③～⑤はスタイルを変更可能。	
71	X	SSSX14	3	ラストステージ	0～40点	防御系神業を3個以上（キャストが3人の場合、2個以上）。	TN05のシャトル1099便が舞台。セキュリティランクはサンクチュアリとなる。〈社会：N◎VA〉は使用可。キャスト②～⑤はスタイルを変更可能。ファースト、エコノミー、コンテナに分かれること。	
72	X	SSSX14	4	Sound of Silence Untold Story	0～40点	防御系神業を3個以上（キャストが3人の場合、2個以上）。	TN13が舞台。TNX掲載のシナリオ「Sound of Silence」の裏側を描いたシナリオである。	
73	X	MSC01	1	冬寂の娘	0～40点	防御系神業を3個以上（キャストが少ない場合、2個以上）。		
74	X	MSC01	2	白い手	0～40点	防御系神業を3個以上（キャストが少ない場合、2個以上）。		
75	X	MSC01	3	HOWL FROM BEYOND	0～40点	防御系神業を3個以上（キャストが少ない場合、2個以上）。		
76	X	MSC01	4	Promised Land	0～40点	防御系神業を3個以上（キャストが少ない場合、2個以上）。		
