ID	Rule	Book	ScenarioNo	ScenarioTitle	CastNo	推奨スタイル	クイックスタート	コンストラクション・スタイル	コンストラクション・設定	推奨スート	コネ	ワークス	アクトハンドアウト	PS
1	X	TNX	1	Sound of Silence	1	フェイト	不屈の探偵（『TNX』P82）	フェイト	フリーランスの探偵	スペード	ソニア			
2	X	TNX	1	Sound of Silence	2	トーキー	遊撃記者（『TNX』P88）	トーキー	フリーランスの記者	ダイヤ	ファルケ・シュレーゲル			
3	X	TNX	1	Sound of Silence	3	カタナ	現代の騎士（『TNX』P90）	カタナ、カブトワリなど	フリーランスの荒事屋	クラブ	キックス			
4	X	TNX	1	Sound of Silence	4	ニューロ	ニューロキッズ（『TNX』P98）	ニューロ	フリーランスのハッカー	ダイヤ	河渡白夜			
5	X	TNX	1	Sound of Silence	5	イヌ	正義の猟犬（『TNX』P84）	イヌ	ブラックハウンド機動捜査課	ダイヤ	キックス			
6	X	TNX	2	見上げてごらん、夜空の星を	1	フェイト	不屈の探偵（『TNX』P82）	フェイト	フリーランスの探偵	クラブ	二宮里志			
7	X	TNX	2	見上げてごらん、夜空の星を	2	トーキー	遊撃記者（『TNX』P88）	トーキー	マリオネットの記者	クラブ	二宮クリス			
8	X	TNX	2	見上げてごらん、夜空の星を	3	イヌ	正義の猟犬（『TNX』P84）	イヌ	ブラックハウンド機動捜査課	スペード	ブルース・ブラッドリー			
9	X	TNX	2	見上げてごらん、夜空の星を	4	ニューロ	ニューロキッズ（『TNX』P98）	ニューロ	フリーランスのハッカー	ダイヤ	カーロス・マウリシオ・ダ・シルバ			
10	X	TNX	2	見上げてごらん、夜空の星を	5	カタナ	現代の騎士（『TNX』P90）	カタナ、カブトワリなど	フリーランスの荒事屋	ダイヤ	ドーリス			
11	X	TOS	1	Chimera Heart	1	フェイト	不屈の探偵（『TNX』P82）	フェイト	フリーランスの探偵	スペード	フェリシア			
12	X	TOS	1	Chimera Heart	2	バサラ	炎の退魔師（『TOS』P48）	バサラ	フリーランスの退魔師	ダイヤ	吹雪（フブキ）			
13	X	TOS	1	Chimera Heart	3	イヌ	正義の猟犬（『TNX』P84）	イヌ	ブラックハウンドの捜査官	スペード	ジャンヌ			
14	X	TOS	1	Chimera Heart	4	アヤカシ	鋼の人狼（『TOS』P50）	アヤカシ	サロン・ドルファンの執行人	ダイヤ	アルドラ・ドルファン			
15	X	TOS	1	Chimera Heart	5	ニューロ	ニューロキッズ（『TNX』P98）	ニューロ	フリーランスのハッカー	ダイヤ	藤咲竜二			
16	X	TOS	2	Hopeless Runaway	1	カゼ	災厄のカゼ（『TNX』P92）	カゼ	運び屋	スペード	岩城兵庫（いわき・ひょうご）			
17	X	TOS	2	Hopeless Runaway	2	ヒルコ	内なる怪物（『TOS』P52）	ヒルコ	ヒルコ街の住人	ハート	アルカ			
18	X	TOS	2	Hopeless Runaway	3	ニューロ	ドローンマスター（『TOS』P54）	ニューロ	フリーランスのハッカー	ダイヤ	長門玄馬（ながと・げんば）			
19	X	TOS	2	Hopeless Runaway	4	カタナ	現代の騎士（『TNX』P90）	カタナ	フリーランスの殺し屋	ダイヤ	長門玄馬（ながと・げんば）			
20	X	TOS	2	Hopeless Runaway	5	アヤカシ	鋼の人狼（『TOS』P50）	アヤカシ	サロン・ドルファンの一員	スペード	アルドラ・ドルファン			
21	X	CTL	1	Beyond the Black Night	1	カブト	現代の騎士（『TNX』P90）	カブト	フリーランスの護衛	スペード	サクヤ			
22	X	CTL	1	Beyond the Black Night	2	イヌ	正義の猟犬（『TNX』P84）	イヌ	ケルビムの捜査官	ダイヤ	イレーネ・ロイズ			
23	X	CTL	1	Beyond the Black Night	3	バサラ	炎の退魔師（『TOS』P48）	バサラ	剣十字修道会の退魔師	スペード	ミュー			
24	X	CTL	1	Beyond the Black Night	4	アヤカシ	鋼の人狼（『TOS』P50）	アヤカシ	一匹狼のアヤカシ	ダイヤ	コッペリア			
25	X	CTL	1	Beyond the Black Night	5	マヤカシ	ニューロエイジの魔術師（『TNX』P100）	マヤカシ	フリーランスの魔術師	クラブ	御門忍			
26	X	CTL	2	Cross The Line	1	クグツ	企業戦士（『TNX』P86）	クグツ	千早重工後方処理課	クラブ	メロディ			
27	X	CTL	2	Cross The Line	2	ニューロ	ニューロキッズ（『TNX』P98）	ニューロ	フリーランスのハッカー	ダイヤ	『①クグツ』			
28	X	CTL	2	Cross The Line	3	イヌ	正義の猟犬（『TNX』P84）	イヌ	ケルビムの捜査官	ダイヤ	アイコンブレイカー			
29	X	CTL	2	Cross The Line	4	トーキー	遊撃記者（『TNX』P88）	トーキー	マリオネットの記者	ダイヤ	メロディ			
30	X	CTL	2	Cross The Line	5	カブト	現代の騎士（『TNX』P90）	カブト	フリーランスのボディガード	ダイヤ	『②ニューロ』			
31	X	CHM	1	BLAKK BOX アクト1 『過去からの告発者』	1	カタナ	現代の騎士（『TNX』P90）	なし	フリーランスの荒事屋	ダイヤ	美門忍			
32	X	CHM	1	BLAKK BOX アクト1 『過去からの告発者』	2	クグツ	企業戦士（『TNX』P86）	クグツ	千早重工査察部	ダイヤ	美門忍			
33	X	CHM	1	BLAKK BOX アクト1 『過去からの告発者』	3	ニューロ	ニューロキッズ（『TNX』P98）	ニューロ	フリーランスのハッカー	スペード	乾直之			
34	X	CHM	1	BLAKK BOX アクト1 『過去からの告発者』	4	イヌ	正義の猟犬（『TNX』P84）	イヌ	ブラックハウンドの隊員	クラブ	美門忍			
35	X	CHM	1	BLAKK BOX アクト1 『過去からの告発者』	5	バサラ	炎の退魔師（『TOS』P48）	なし	フリーランスの超常能力者	ハート	御門忍			
36	X	CHM	2	BLAKK BOX アクト2 『好奇心は猫を殺す』	1				アクト1で忍の保護を請け負ったキャスト	ハート	御門忍			
37	X	CHM	2	BLAKK BOX アクト2 『好奇心は猫を殺す』	2				アクト1に参加したキャスト	さまざま	御門忍			
38	X	CHM	2	BLAKK BOX アクト2 『好奇心は猫を殺す』	3				このアクトから参加するキャスト	ダイヤ	御門忍			
39	X	CHM	3	BLAKK BOX アクト3 『さまよえるオランダ人』	1					自由選択	御門忍			
40	X	BTD	1	ファイブカード!!	1	カブキ	地上の天使（『BTD』P59）	カブキ	フリーのギャンブラー	スペード	ジェイク・ジョンソン			
41	X	BTD	1	ファイブカード!!	2	ニューロ	ニューロキッズ（『TNX』P98）	ニューロ	ハッカー	ダイヤ	河渡白夜			
42	X	BTD	1	ファイブカード!!	3	カブト	ボディガード（『BTD』P57）	カブト	フリーのボディガード	ダイヤ	ジェイク・ジョンソン			
43	X	BTD	1	ファイブカード!!	4	イヌ	正義の猟犬（『TNX』P84）	イヌ	ブラックハウンド	ダイヤ	ジェイク・ジョンソン			
44	X	BTD	1	ファイブカード!!	5	レッガー	任侠戦士（『TNX』P97）	なし	河渡組の構成員	ダイヤ	『②ニューロ』			
45	X	BTD	2	ビハインド・ザ・ダーク	1	ニューロ	ニューロキッズ（『TNX』P98）	ニューロ	フリーランス、リンダ・リンクスと友人	クラブ	リンダ・リンクス			
46	X	BTD	2	ビハインド・ザ・ダーク	2	イヌ	正義の猟犬（『TNX』P84）	イヌ	ブラックハウンド	スペード	アラン・ライナーズ			
47	X	BTD	2	ビハインド・ザ・ダーク	3	カブト	現代の騎士（『TNX』P90）	カブト	ボディガード、鈴木太郎から依頼される	ダイヤ	鈴木太郎			
48	X	BTD	2	ビハインド・ザ・ダーク	4	トーキー	遊撃記者（『TNX』P88）	トーキー	マリオネットの記者	ダイヤ	結城あや			
49	X	BTD	2	ビハインド・ザ・ダーク	5	バサラ	炎の退魔師（『TOS』P48）	なし	剣十字修道会	ダイヤ	リンダ・リンクス			
50	X	HDB	1	トゥモロー・ファクトリー	1	フェイト	不屈の探偵（『HDB』P160）	フェイト	N.I.K.の探偵	ダイヤ	クインティア	ワークス：N.I.K.		
51	X	HDB	1	トゥモロー・ファクトリー	2	ニューロ	ニューロキッズ（『HDB』P168）	ニューロ	ネヴァーランドの住人	ハート	クガト	ワークス：ネヴァーランド		
52	X	HDB	1	トゥモロー・ファクトリー	3	クグツ	企業戦士（『HDB』P162）	クグツ	千早重工後方処理課	ダイヤ	千早雅之	ワークス：千早重工		
53	X	HDB	1	トゥモロー・ファクトリー	4	イヌ	正義の猟犬（『HDB』P161）	イヌ	ブラックハウンド機動捜査課	ダイヤ	レイ	ワークス：ブラックハウンド		
54	X	HDB	1	トゥモロー・ファクトリー	5	レッガー	任侠戦士（『HDB』P167）	レッガー	河渡組の構成員	スペード	河渡白夜	ワークス：河渡連合		
55	X	HDB	2	ヘヴン・ダウンビロウ	1	トーキー	遊撃記者（『HDB』P163）	トーキー	フリーの記者	スペード	稲垣光平			
56	X	HDB	2	ヘヴン・ダウンビロウ	2	フェイト	不屈の探偵（『HDB』P160）	指定なし	稲垣から候補者の調査を依頼される	クラブ	パトリシア有栖			
57	X	HDB	2	ヘヴン・ダウンビロウ	3	クグツ	企業戦士（『HDB』P162）	クグツ	千早重工後方処理課第三班	ダイヤ	佐久間雅臣			
58	X	HDB	2	ヘヴン・ダウンビロウ	4	イヌ	正義の猟犬（『HDB』P161）	イヌ	ブラックハウンド	ダイヤ	稲垣光平			
59	X	HDB	2	ヘヴン・ダウンビロウ	5	ミストレス	世界の支配者（『HDB』P166）	指定なし	稲垣の選挙参謀	ダイヤ	稲垣光平			
60	X	ATS	1	Raid from The Future	1	コモン	一般人（『ATS』P40）	指定なし	新星帝都大学高等部の生徒	スペード	槙野リナ			
61	X	ATS	1	Raid from The Future	2	フェイト	不屈の探偵（『HDB』P160）	フェイト	探偵	ダイヤ	トレス・サイファー			
62	X	ATS	1	Raid from The Future	3	カブト	ボディガード（『BTD』P57）	カブト	ボディガード	ダイヤ	『①コモン』			
63	X	ATS	1	Raid from The Future	4	イヌ	正義の猟犬（『HDB』P161）	イヌ	ブラックハウンド機動捜査課	ダイヤ	レイ			
64	X	ATS	1	Raid from The Future	5	ニューロ	ニューロキッズ（『HDB』P168）	指定なし	ウェブのゲーマー	スペード	ハイロード			
65	X	ATS	2	Heaven's On Fire	1	イブキ	ライフセイバー（『ATS』P38）	イブキ	スカイハート隊員	スペード	石橋俊造（いしばし・としぞう）			
66	X	ATS	2	Heaven's On Fire	2	イヌ	正義の猟犬（『HDB』P161）	イヌ	ブラックハウンド隊員	スペード	“暴走課長”レイ			
67	X	ATS	2	Heaven's On Fire	3	レッガー	任侠戦士（『HDB』P167）	指定なし	銀行強盗	ダイヤ	チェッキー・フジヤマ			
68	X	ATS	2	Heaven's On Fire	4	コモン	一般人（『ATS』P40）	指定なし	パーティの参加者	スペード	ポーラ・マッコイ			
69	X	ATS	2	Heaven's On Fire	5	ニューロ	ニューロキッズ（『HDB』P168）	ニューロ	フリーランスのハッカー	クラブ	『①イブキ』			
70	X	ASC	1	コールドケース・ヴィレッジ	1	アヤカシ	鋼の人狼	アヤカシ	獣の一族	ハート	リュカオン			
71	X	ASC	1	コールドケース・ヴィレッジ	2	バサラ	エクソシスト	バサラ	聖母殿の退魔師	スペード	ブラウン司祭			
72	X	ASC	1	コールドケース・ヴィレッジ	3	アヤカシ	愛を知った天使	アヤカシ	20年以上前、人間に助けられた	ダイヤ	マーガレット			
73	X	ASC	1	コールドケース・ヴィレッジ	4	イヌ	監察医	指定なし	ケルビムの捜査官	クラブ	アレン村長			
74	X	ASC	1	コールドケース・ヴィレッジ	5	アヤカシ	闇の交渉人	アヤカシ	夜の一族	スペード	“始祖”ドラキュラ			
75	X	ASC	2	ティタノマキア	1	アテナ	知恵と戦の女神	ウツワ	女神アテナのウツワ	ハート	“ゼウス”神宮師旺（じんぐう・しおう）			
76	X	ASC	2	ティタノマキア	2	アポロン		ウツワ	太陽神アポロンのウツワ	ダイヤ	プロメテウス			
77	X	ASC	2	ティタノマキア	3	ポセイドン		ウツワ	海神ポセイドンのウツワ	スペード	“ゼウス”神宮師旺（じんぐう・しおう）			
78	X	ASC	2	ティタノマキア	4	アルテミス		ウツワ	女神アルテミスのウツワ	クラブ	“ヘルメス”エリオット・リン			
79	X	ASC	2	ティタノマキア	5	ヘラクレス		ウツワ	半神半人の英雄ヘラクレスのウツワ	スペード	プロメテウス			
80	X	GF18-1	1	Murder City	1	フェイト	不屈の探偵（『TNX』P82）	フェイト	フリーランスの探偵	クラブ	霧島マサト			
81	X	GF18-1	1	Murder City	2	クグツ	企業戦士（『TNX』P86）	クグツ	千早重工後方処理課第三班	ダイヤ	“1024”キャサリン・ブックマーカー			
82	X	GF18-1	1	Murder City	3	イヌ	正義の猟犬（『TNX』P84）	イヌ	ブラックハウンド機動捜査課	ハート	“クワイエット”レオン・ライム			
83	X	GF18-1	1	Murder City	4	トーキー	遊撃記者（『TNX』P88）	トーキー	フリーランスの記者	ハート	襲撃者			
84	X	GF18-1	1	Murder City	5	カタナ	現代の騎士（『TNX』P90）	カタナ	フリーランスの荒事屋	ダイヤ	“クワイエット”レオン・ライム			
85	X	GF18-6	1	Land of the Free	1	カゼ	災厄のカゼ（『TNX』P92）	カゼ	フリーランスの運び屋	スペード	シオン			
86	X	GF18-6	1	Land of the Free	2	カブト	現代の騎士（『TNX』P90）	カブト	フリーランスのボディガード	スペード	エウラリア			
87	X	GF18-6	1	Land of the Free	3	イヌ	正義の猟犬（『TNX』P84）	イヌ	ケルビムの捜査官	ダイヤ	佐波誠（さなみ・まこと）			
88	X	GF18-6	1	Land of the Free	4	トーキー	遊撃記者（『TNX』P88）	トーキー	マリオネットの特派員	スペード	結城あや			
89	X	GF18-6	1	Land of the Free	5	ニューロ	ニューロキッズ（『TNX』P98）	ニューロ	ハッカー。『②カブト』の相棒	スペード	『②カブト』			
90	X	GF22-1	1	Beyond the Deep Space	1	エトランゼ	宇宙人（『ATS』P44）	エトランゼ	宇宙警察機構の捜査官	ダイヤ	“ヒアデス星団人”ゼラン			
91	X	GF22-1	1	Beyond the Deep Space	2	コモン	一般人（『ATS』P40）	コモン	目撃者	クラブ	宇宙人ザリオ			
92	X	GF22-1	1	Beyond the Deep Space	3	イヌ	正義の猟犬（『HDB』P161）	イヌ	ブラックハウンド機動捜査課	ダイヤ	稲垣光平			
93	X	GF22-1	1	Beyond the Deep Space	4	カタナ	現代の騎士（『HDB』P162）	指定なし	河渡連合の荒事屋	ハート	河渡白夜			
94	X	GF22-1	1	Beyond the Deep Space	5	ニューロ	ニューロキッズ（『HDB』P168）	指定なし	フリーランス	スペード	『②コモン』			
95	X	GF24-2	1	ステアウェイ・トゥ・ヘブン	1					ダイヤ	アベラルド・ビーンスターク			
96	X	GF26-5	1	What you seeked	1	フェイト	元浄化派の探偵（『NAN』P14）	なし	元真教浄化派	スペード	ブラックポーレン			
97	X	GF26-5	1	What you seeked	2	クグツ	ミカヅチ部隊（『NAN』P12）	なし	日本軍	スペード	和泉沙季			
98	X	GF26-5	1	What you seeked	3	ニューロ	天才経営者（『NAN』P16）	ニューロ	指定なし	クラブ	ミミ			
99	X	GF26-5	1	What you seeked	4	カブト	ボディガード（『NAN』P31）	なし	指定なし	ダイヤ	アメリア・アインスブルク			
100	X	GF26-5	1	What you seeked	5	イヌ	正義の猟犬（『NAN』P22）	イヌ	ブラックハウンド	クラブ	ドクターYF			
101	X	GFEX-29	1	Seven Wanders in College	1	ニューロ	ニューロキッズ（『TNX』P98）	ニューロ	高等部の学生	クラブ	マリーシア			
102	X	GFEX-29	1	Seven Wanders in College	2	フェイト	不屈の探偵（『TNX』P82）	フェイト	高等部の学生	スペード	稲垣みのり			
103	X	GFEX-29	1	Seven Wanders in College	3	カブト	現代の騎士（『TNX』P90）	なし	高等部の学生	スペード	仮面の生徒			
104	X	GFEX-29	1	Seven Wanders in College	4	トーキー	遊撃記者（『TNX』P88）	トーキー	報道部の部員	ダイヤ	セブンワンダーズ			
105	X	GFEX-29	1	Seven Wanders in College	5	イヌ	正義の猟犬（『TNX』P84）	なし	高等部の風紀委員	スペード	美門輝星			
106	X	GFEX-29	2	Blast from the Past	1	イヌ	正義の猟犬（『TNX』P84）	イヌ	ナイトハウンドの捜査官	スペード	フレデリク			
107	X	GFEX-29	2	Blast from the Past	2	アヤカシ	鋼の人狼（『TOS』P50）	アヤカシ	一匹狼のアヤカシ	スペード	コッペリア			
108	X	GFEX-29	2	Blast from the Past	3	ニューロ	ニューロキッズ（『TNX』P98）	ニューロ	フリーランスのハッカー	ダイヤ	カーロス			
109	X	GFEX-29	2	Blast from the Past	4	トーキー	遊撃記者（『TNX』P88）	トーキー	フリーランスの記者	ダイヤ	ファイアキッカー			
110	X	GFEX-29	2	Blast from the Past	5	バサラ	炎の退魔師（『TOS』P48）	バサラ	聖母殿の退魔師	スペード	ミュー			
111	X	GFEX-33	1	ニューロエイジ・シンデレラ・ストーリー	1	フェイト	不屈の探偵（『HDB』P160）	フェイト	探偵	クラブ	秋野瀬ヒロコ			
112	X	GFEX-33	1	ニューロエイジ・シンデレラ・ストーリー	2	イヌ	正義の猟犬（『HDB』P161）	イヌ	ブラックハウンド機動捜査課	ダイヤ	メモリ			
113	X	GFEX-33	1	ニューロエイジ・シンデレラ・ストーリー	3	レッガー	任侠戦士（『HDB』P167）	レッガー	河渡連合の構成員	ダイヤ	河渡白夜			
114	X	GFEX-33	1	ニューロエイジ・シンデレラ・ストーリー	4	トーキー	遊撃記者（『HDB』P163）	トーキー	N◎VAスポの報道記者	ダイヤ	九条政次			
115	X	GFEX-33	1	ニューロエイジ・シンデレラ・ストーリー	5	カタナ	現代の騎士（『HDB』P162）	カタナ	フリーランスの殺し屋	ダイヤ	ドーリス			
116	X	GFEX-36	1	Asgard Crisis	1	イヌ	正義の猟犬（『HDB』P161）	イヌ	SSSの捜査員	ダイヤ	ブレイカーX			
117	X	GFEX-36	1	Asgard Crisis	2	カタナ	現代の騎士（『HDB』P162）	カタナ	アスガルドの特別工作員	ハート	『①イヌ』			
118	X	GFEX-36	1	Asgard Crisis	3	ニューロ	ドローンマスター（『HDB』P54）	ニューロ	フリーランス	スペード	フリッグ			
119	X	GFEX-36	1	Asgard Crisis	4	クグツ	企業戦士（『HDB』P162）	クグツ	千早重工後方処理課	ダイヤ	“黄昏”のスィズマ			
120	X	GFEX-36	1	Asgard Crisis	5	カブト	ボディガード（『BTD』P57）	カブト	アスガルドの囚人	ダイヤ	ステラ・デラ・セラ			
121	X	SSSX01	1	イン・トゥ・ザ・ナイト	1	フェイト	不屈の探偵（『TNX』P82）	フェイト	探偵	スペード	真中紗夜（まなか・さや）			
122	X	SSSX01	1	イン・トゥ・ザ・ナイト	2	クグツ	企業戦士（『TNX』P86）	クグツ	千早の社員	ダイヤ	ヘンリー・イシカワ			
123	X	SSSX01	1	イン・トゥ・ザ・ナイト	3	トーキー	遊撃記者（『TNX』P88）	トーキー	記者	スペード	結城あや			
124	X	SSSX01	1	イン・トゥ・ザ・ナイト	4	イヌ	遊撃記者（『TNX』P88）	イヌ	ブラックハウンド隊員	ダイヤ	長谷部万力			
125	X	SSSX01	1	イン・トゥ・ザ・ナイト	5	ニューロ	ニューロキッズ（『TNX』P98）	指定なし	フリーランス	ダイヤ	『②クグツ』			
126	X	SSSX01	2	アフター・デイブレイク	1	クグツ	企業戦士（『TNX』P86）	クグツ	千早の社員	ダイヤ	エイプリル・エドワーズ			
127	X	SSSX01	2	アフター・デイブレイク	2	フェイト	不屈の探偵（『TNX』P82）	フェイト	探偵	スペード	真中紗夜（まなか・さや）			
128	X	SSSX01	2	アフター・デイブレイク	3	ニューロ	ニューロキッズ（『TNX』P98）	指定なし	フリーランス	クラブ	カーロス・マウリシオ・ダ・シルバ			
129	X	SSSX01	2	アフター・デイブレイク	4	イヌ	正義の猟犬（『TNX』P84）	イヌ	ブラックハウンド隊員	スペード	メタルゴア			
130	X	SSSX01	2	アフター・デイブレイク	5	トーキー	遊撃記者（『TNX』P88）	トーキー	記者	スペード	エイプリル・エドワーズ			
131	X	SSSX01	3	ナイト・ムーヴズ	1	フェイト		フェイト	探偵	スペード	真中紗夜（まなか・さや）			
132	X	SSSX01	3	ナイト・ムーヴズ	2	クグツ		クグツ	千早の社員	ダイヤ	霧野修静（きりの・しゅうせい）			
133	X	SSSX01	3	ナイト・ムーヴズ	3	トーキー		トーキー	記者	スペード	結城あや			
134	X	SSSX01	3	ナイト・ムーヴズ	4	イヌ		イヌ	ブラックハウンド隊員	ダイヤ	ダビッド・ハイド			
135	X	SSSX01	3	ナイト・ムーヴズ	5	ニューロ		指定なし	フリーランス	ダイヤ	『②クグツ』			
136	X	SSSX02	1	悪魔のいる天国	1	カブト	ボディガード（『BTD』P57）	指定なし	“ブルズアイ”とともに参加した強奪者	スペード	“ブルズアイ”			
137	X	SSSX02	1	悪魔のいる天国	2	ニューロ	ニューロキッズ（『TNX』P98）	指定なし	辰見光也に集められた強奪者	ダイヤ	辰見光也（たつみ・こうや）			
138	X	SSSX02	1	悪魔のいる天国	3	カタナ	現代の騎士（『TNX』P90）	指定なし	辰見光也の計画に加わった強奪者	ダイヤ	辰見光也（たつみ・こうや）			
139	X	SSSX02	1	悪魔のいる天国	4	レッガー	任侠戦士（『TNX』P97）	指定なし	河渡白夜経由で参加した強奪者	ダイヤ	河渡白夜			
140	X	SSSX02	1	悪魔のいる天国	5	カブトワリ	災厄のカゼ（『TNX』P92）	指定なし	辰見光也とともに現金を奪った強奪者	ダイヤ	辰見光也（たつみ・こうや）			
141	X	SSSX02	2	エスケープ・フロム・イワサキ	1	クグツ	企業戦士（『TNX』P86）	クグツ	イワサキのクグツ	ダイヤ	服部半蔵			
142	X	SSSX02	2	エスケープ・フロム・イワサキ	2	ニューロ	ニューロキッズ（『TNX』P98）	ニューロ	フリーランス。イワサキのAIを脱走させる	クラブ	AI少女“シー”			
143	X	SSSX02	2	エスケープ・フロム・イワサキ	3	エグゼク	世界の支配者（『TNX』P94）	エグゼク	千早。イワサキのAIを追う	ダイヤ	『②ニューロ』			
144	X	SSSX02	2	エスケープ・フロム・イワサキ	4	カタナ	現代の騎士（『TNX』P90）	指定なし	千早に雇われる	ダイヤ	『③エグゼク』			
145	X	SSSX02	3	Showdown!	1	カタナ		カタナ	フリーランスの荒事師	ダイヤ	アイビー			
146	X	SSSX02	3	Showdown!	2	カブト		カブト	フリーランスのボディガード	ダイヤ	アイビー			
147	X	SSSX02	3	Showdown!	3	クロマク		クロマク	ストリートに利権を持つフィクサー	ダイヤ	アイビー			
148	X	SSSX03	1	ヴァンパイア・フロム・ナイト	1	バサラ	炎の退魔師（『TOS』P48）	指定なし	吸血鬼を追う退魔師	ダイヤ	“ウラルの黒い霧”ヴィクトル			
149	X	SSSX03	1	ヴァンパイア・フロム・ナイト	2	アヤカシ	鋼の人狼（『TOS』P50）	指定なし	サロン・ドルファンの執行者	スペード	アルドラ・ドルファン			
150	X	SSSX03	1	ヴァンパイア・フロム・ナイト	3	ニューロ	ニューロキッズ（『TNX』P98）	指定なし	指定なし。羽澄優衣が近所に住んでいる	クラブ	羽澄優衣（はすみ・ゆい）			
151	X	SSSX03	1	ヴァンパイア・フロム・ナイト	4	カタナ	現代の騎士（『TNX』P90）	指定なし	フリーランス。剣十字修道会の依頼を受ける	ダイヤ	羽澄優衣（はすみ・ゆい）			
152	X	SSSX03	1	ヴァンパイア・フロム・ナイト	5	イヌ	正義の猟犬（『TNX』P84）	指定なし	ブラックハウンド機動捜査課	ダイヤ	”ガラザキ“唐崎龍真（からさき・たつま）			
153	X	SSSX03	2	トーキョーN◎VA捧げます	1	フェイト	不屈の探偵（『TNX』P82）	フェイト	探偵。稲垣光平の知り合い	スペード	“帝王”稲垣光平			
154	X	SSSX03	2	トーキョーN◎VA捧げます	2	バサラ	炎の退魔師（『TOS』P48）	指定なし	退魔師	スペード	“小さき神”			
155	X	SSSX03	2	トーキョーN◎VA捧げます	3	イヌ	監察医（『BTD』P60）	指定なし	ナイトハウンド隊員	スペード	ジャンヌ・デファンス・ヴェイユ			
156	X	SSSX03	2	トーキョーN◎VA捧げます	4	ニューロ	ニューロキッズ（『TNX』P98）	指定なし	フリーランス。N◎VA行政府から依頼される	ダイヤ	磯良詠華（いそら・えいか）			
157	X	SSSX03	2	トーキョーN◎VA捧げます	5	カタナ	現代の騎士（『TNX』P90）	指定なし	フリーランス。剣十字修道会から依頼される	ダイヤ	“帝王”稲垣光平			
158	X	SSSX03	3	魔王を継ぐモノ	1	アヤカシ		アヤカシ	魔会の魔王候補	スペード	カイン			
159	X	SSSX03	3	魔王を継ぐモノ	2	バサラ		指定なし	退魔師	ダイヤ	“伝説の魔王”ヴォルザード			
160	X	SSSX03	3	魔王を継ぐモノ	3	フェイト		フェイト	フリーの探偵	スペード	アルドラ・ドルファン			
161	X	SSSX03	3	魔王を継ぐモノ	4	イヌ		指定なし	ナイトハウンド隊員	ダイヤ	ジャンヌ・デファンス・ヴェイユ			
162	X	SSSX03	3	魔王を継ぐモノ	5	カタナ		指定なし	フリーランス。剣十字修道会から依頼を受ける	ダイヤ	“魔王候補者”カイン			
163	X	SSSX04	1	セイム・オールド・ストーリー	1	カブト	ボディガード（『BTD』P57）	指定なし	ボディガード	スペード	南野紫音（みなみの・しおん）			
164	X	SSSX04	1	セイム・オールド・ストーリー	2	ニューロ	ニューロキッズ（『TNX』P98）	指定なし	フリーランス	ダイヤ	アメリア・アインスブルク			
165	X	SSSX04	1	セイム・オールド・ストーリー	3	レッガー	任侠戦士（『TNX』P97）	指定なし	“プラチナムレイダー”の容疑者	ダイヤ	葛間迅介（くずま・じんすけ）			
166	X	SSSX04	1	セイム・オールド・ストーリー	4	イヌ	正義の猟犬（『TNX』P84）	指定なし	ブラックハウンド隊員	ダイヤ	レイ			
167	X	SSSX04	1	セイム・オールド・ストーリー	5	トーキー	遊撃記者（『TNX』P88）	指定なし	ジャーナリスト	ダイヤ	長谷部万力			
168	X	SSSX04	2	ゲーム・オブ・クリミナル	1	カブト			ボディガード	ダイヤ	“プラチナムレイダー”			
169	X	SSSX04	2	ゲーム・オブ・クリミナル	2	ニューロ			フリーランス	スペード	“アーティスト”			
170	X	SSSX04	2	ゲーム・オブ・クリミナル	3	レッガー			“プラチナムレイダー”の容疑者	ダイヤ	“プラチナムレイダー”			
171	X	SSSX04	2	ゲーム・オブ・クリミナル	4	イヌ			ブラックハウンド隊員	ダイヤ	『③レッガー』			
172	X	SSSX04	2	ゲーム・オブ・クリミナル	5	トーキー			ジャーナリスト	ダイヤ	“アーティスト”			
173	X	SSSX04	3	プラチナムレイダー	1	カブト			ボディガード	スペード	“パープルミスト”			
174	X	SSSX04	3	プラチナムレイダー	2	ニューロ			フリーランス	ダイヤ	“プラチナムレイダー”			
175	X	SSSX04	3	プラチナムレイダー	3	レッガー			“プラチナムレイダー”の容疑者	クラブ	“パープルミスト”			
176	X	SSSX04	3	プラチナムレイダー	4	イヌ			ブラックハウンド隊員	ダイヤ	“パープルミスト”			
177	X	SSSX04	3	プラチナムレイダー	5	トーキー			ジャーナリスト	スペード	“プラチナムレイダー”			
178	X	SSSX05	1	フォロー・ユー、フォロー・ミー	1	カブキ	地上の天使（『BTD』P59）	指定なし	N◎VA芸能界のスター	クラブ	キュリア・ベルベットレモン			
179	X	SSSX05	1	フォロー・ユー、フォロー・ミー	2	カブト	現代の騎士（『TNX』P90）	指定なし	『①カブキ』のボディガード	ダイヤ	トモカズ・ユーコ・三枝（さえぐさ）			
180	X	SSSX05	1	フォロー・ユー、フォロー・ミー	3	トーキー	遊撃記者（『TNX』P88）	トーキー	フリーランスの記者	スペード	結城あや			
181	X	SSSX05	1	フォロー・ユー、フォロー・ミー	4	イヌ	正義の猟犬（『TNX』P84）	指定なし	ブラックハウンド機動捜査課	ダイヤ	蛭目田（ひるめだ）キョーヘイ			
182	X	SSSX05	1	フォロー・ユー、フォロー・ミー	5	クグツ	企業戦士（『TNX』P86）	クグツ	千早重工後方処理課第三班。CMEから依頼を受ける	ダイヤ	トモカズ・ユーコ・三枝（さえぐさ）			
183	X	SSSX05	2	スーパーフレーズ・レジェンドファイブ	1	カブキ	地上の天使（『BTD』P59）	指定なし	ロックシンガーなど	スペード	アマデウス			
184	X	SSSX05	2	スーパーフレーズ・レジェンドファイブ	2	カタナ	現代の騎士（『TNX』P90）	指定なし	荒事屋。最高の曲を聴きたくなる	クラブ	アマデウス			
185	X	SSSX05	2	スーパーフレーズ・レジェンドファイブ	3	カリスマ	闇の交渉人（『BTD』P62）	指定なし	レジェンドファイブを託される	ダイヤ	アマデウス			
186	X	SSSX05	2	スーパーフレーズ・レジェンドファイブ	4	トーキー	遊撃記者（『TNX』P88）	トーキー	記者。最高の曲を報道する	スペード	アマデウス			
187	X	SSSX05	2	スーパーフレーズ・レジェンドファイブ	5	クグツ	企業戦士（『TNX』P86）	クグツ	千早重工後方処理課第三班。CMEから依頼を受ける	ダイヤ	アマデウス			
188	X	SSSX05	3	復讐の炎	1	トーキー	遊撃記者（『TNX』P88）	トーキー	才島猟河の後輩の記者	スペード	才島猟河（さいじま・りょうが）			
189	X	SSSX05	3	復讐の炎	2	フェイト	不屈の探偵（『TNX』P82）	フェイト	探偵。人探しを依頼される	ダイヤ	才島由々美（さいじま・ゆゆみ）			
190	X	SSSX05	3	復讐の炎	3	イヌ	正義の猟犬（『TNX』P84）	指定なし	ブラックハウンド機動捜査課	ダイヤ	“ジャッジヘル”			
191	X	SSSX05	3	復讐の炎	4	カリスマ	闇の交渉人（『BTD』P62）	指定なし	レフティの捜査に極力する	ダイヤ	レフティ			
192	X	SSSX05	3	復讐の炎	5	カブキ	地上の天使（『BTD』P59）	指定なし	有名人。“ジャッジヘル”から裁きを告げられる	クラブ	“ジャッジヘル”			
193	X	SSSX06	1	クロッシングポイント	1	イヌ	監察医（『BTD』P60）	指定なし	ブラックハウンド機動捜査課	ダイヤ	ウェイン・音喜多（おときた）			
194	X	SSSX06	1	クロッシングポイント	2	カタナ	現代の騎士（『TNX』P90）	指定なし	ストリートの荒事屋。イライザから助けを求められる	クラブ	イライザ			
195	X	SSSX06	1	クロッシングポイント	3	クグツ	企業戦士（『TNX』P86）	クグツ	千早重工後方処理課第三班	クラブ	トーラス			
196	X	SSSX06	1	クロッシングポイント	4	トーキー	遊撃記者（『TNX』P88）	トーキー	依頼を受けるジャーナリスト	ダイヤ	ウェイン・音喜多（おときた）			
197	X	SSSX06	1	クロッシングポイント	5	イヌ	正義の猟犬（『TNX』P84）	指定なし	ブラックハウンド機動捜査課	ダイヤ	ウェイン・音喜多（おときた）			
198	X	SSSX06	2	黒い迷宮（ラビリンス）	1	エグゼク	世界の支配者（『TNX』P94）	指定なし	犯罪に巻き込まれる千早重工の重役	スペード	謎の声			
199	X	SSSX06	2	黒い迷宮（ラビリンス）	2	イヌ	正義の猟犬（『TNX』P84）	イヌ	ブラックハウンド機動捜査課	ダイヤ	『①エグゼク』			
200	X	SSSX06	2	黒い迷宮（ラビリンス）	3	カタナ	現代の騎士（『TNX』P90）	指定なし	ストリートの荒事屋。仇を討ってほしいと依頼される	スペード	“ハイウェイ”ジェシー			
201	X	SSSX06	2	黒い迷宮（ラビリンス）	4	クグツ	企業戦士（『TNX』P86）	クグツ	千早重工後方処理課第三班	ダイヤ	小上紫乃			
202	X	SSSX06	2	黒い迷宮（ラビリンス）	5	ニューロ	ニューロキッズ（『TNX』P98）	指定なし	フリーランス。アメリア・アインスブルクの依頼を受ける	ダイヤ	ミリオ			
203	X	SSSX06	3	巨悪討つべし	1	イヌ		イヌ	特捜チームの隊員	ダイヤ	世良田幻蔵（せらた・げんぞう）			
204	X	SSSX06	3	巨悪討つべし	2	イヌ		イヌ	特捜チームの隊員	ダイヤ	世良田幻蔵（せらた・げんぞう）			
205	X	SSSX06	3	巨悪討つべし	3	イヌ		イヌ	特捜チームの隊員	ダイヤ	世良田幻蔵（せらた・げんぞう）			
206	X	SSSX06	3	巨悪討つべし	4	イヌ		イヌ	特捜チームの隊員	ダイヤ	世良田幻蔵（せらた・げんぞう）			
207	X	SSSX06	3	巨悪討つべし	5	イヌ		イヌ	特捜チームの隊員	ダイヤ	世良田幻蔵（せらた・げんぞう）			
208	X	SSSX07	1	ライトニングツアー THE AXLERATION	1	カゼ	運び屋（『BTD』P55）	カゼ	北米大統領と旧知の仲のレーサー	クラブ	ベアトリス・ケイフォード			
209	X	SSSX07	1	ライトニングツアー THE AXLERATION	2	イヌ	正義の猟犬（『TNX』P84）	イヌ	ケルビムの捜査官	ダイヤ	スキュラ			
210	X	SSSX07	1	ライトニングツアー THE AXLERATION	3	クグツ	企業戦士（『TNX』P86）	クグツ	スポンサーの企業工作員	ダイヤ	ネイサン・グリーンウェル			
211	X	SSSX07	1	ライトニングツアー THE AXLERATION	4	カゼ	災厄のカゼ（『HDB』P165）	カゼ	『①カゼ』と同じチームのレーサー	スペード	『①カゼ』			
212	X	SSSX07	1	ライトニングツアー THE AXLERATION	5	タタラ	ニューロキッズ（『HDB』P168）	指定なし	チームのメカニック、サポーター	スペード	『④カゼ』			
213	X	SSSX07	2	マシンハート・ストーリー	1	クロガネ		〈フォルム：ヒューマン〉		ハート	光川（ひかりかわ）ルミ			
214	X	SSSX07	2	マシンハート・ストーリー	2	クロガネ		フォルム指定なし		スペード	Dr.ダイナスト			
215	X	SSSX07	2	マシンハート・ストーリー	3	クロガネ		〈フォルム：ストラクチャ〉		スペード	光川（ひかりかわ）ルミ			
216	X	SSSX07	2	マシンハート・ストーリー	4	クロガネ		フォルム指定なし		ハート	『①クロガネ』			
217	X	SSSX07	2	マシンハート・ストーリー	5	クロガネ		フォルム指定なし		ハート	光川（ひかりかわ）ルミ			
218	X	SSSX07	3	新鋭艦わだつみ応答せず	1	アラシ		アラシ	わだつみ艦上機隊所属のパイロット	スペード	“鋼鉄の狼（アイアンウルフ）”宇留嶋凱（うるしま・がい）			
219	X	SSSX07	3	新鋭艦わだつみ応答せず	2	クグツ		クグツ	企業の潜入工作員	ダイヤ	千早雅之			
220	X	SSSX07	3	新鋭艦わだつみ応答せず	3	カブトワリ		指定なし	わだつみ上陸部隊所属の兵士	ダイヤ	遠鷲見史郎（とおすみ・しろう）			
221	X	SSSX07	3	新鋭艦わだつみ応答せず	4	ニューロ		ニューロ	わだつみオペレーター	スペード	わだつみAI			
222	X	SSSX07	3	新鋭艦わだつみ応答せず	5	カリスマ		指定なし	わだつみに視察に来た政治家、重役	ダイヤ	遠鷲見史郎（とおすみ・しろう）			
223	X	SSSX08	1	キャシーのN◎VAな一日	1	ヒルコ	内なる怪物（『TOS』P52）	ヒルコ	ヒルコ街の自警団	スペード	キャシー			
224	X	SSSX08	1	キャシーのN◎VAな一日	2	フェイト	不屈の探偵（『HDB』P160）	フェイト	フリーランス	ダイヤ	シドニー・ユウ			
225	X	SSSX08	1	キャシーのN◎VAな一日	3	イヌ	正義の猟犬（『HDB』P161）	イヌ	ブラックハウンド隊員	スペード	“キッズグループ”			
226	X	SSSX08	1	キャシーのN◎VAな一日	4	レッガー	任侠戦士（『HDB』P167）	レッガー	日系ヤクザ	クラブ	風生闘虎（ふうせい・とうこ）			
227	X	SSSX08	1	キャシーのN◎VAな一日	5	トーキー	遊撃記者（『HDB』P163）	指定なし	キャシーの友人、連れ	クラブ	キャシー			
228	X	SSSX08	2	Back in Black	1	フェイト	不屈の探偵（『HDB』P160）	フェイト	N.I.K.所属の探偵。香澄誠の友人	ダイヤ	香澄愛華（かすみ・あいか）			
229	X	SSSX08	2	Back in Black	2	カタナ	現代の騎士（『HDB』P162）	指定なし	フリーランスの荒事屋	スペード	ブラックリッパー			
230	X	SSSX08	2	Back in Black	3	クグツ	企業戦士（『HDB』P162）	クグツ	千早重工後方処理課第三班の工作員	ダイヤ	ドクター・ラチェット			
231	X	SSSX08	2	Back in Black	4	ニューロ	ニューロキッズ（『HDB』P168）	指定なし	『②カタナ』の相棒	ダイヤ	『②カタナ』			
232	X	SSSX08	2	Back in Black	5	イヌ	正義の猟犬（『HDB』P161）	指定なし	5年前にブラックリッパーに同僚を殺されている	ダイヤ	ブラックリッパー			
233	X	SSSX08	3	龍爪恩讐奇伝　ドラゴンクロウ・ストーリー	1	チャクラ		指定なし	リチャード・ロウの弟子、武術家	ハート	リチャード・ロウ			
234	X	SSSX08	3	龍爪恩讐奇伝　ドラゴンクロウ・ストーリー	2	カタナ		指定なし	龍爪会の幹部“五爪”のひとり、暗殺者	スペード	“血落花（けつらくか）”アルティア			
235	X	SSSX08	3	龍爪恩讐奇伝　ドラゴンクロウ・ストーリー	3	ニューロ		指定なし	N◎VAの住人、街で偶然愛麗と知り合う	クラブ	愛麗（アイリー）			
236	X	SSSX08	3	龍爪恩讐奇伝　ドラゴンクロウ・ストーリー	4	イヌ		イヌ	龍爪会を追う捜査官	ダイヤ	メモリ			
237	X	SSSX08	3	龍爪恩讐奇伝　ドラゴンクロウ・ストーリー	5	カゲ		指定なし	組織の暗殺者、工作員など	スペード	服部半蔵			
238	X	SSSX09	1	墜落天使症候群（フォールンスター・シンドローム）	1	フェイト	不屈の探偵（『HDB』P160）	フェイト	N◎VAに事務所を持つ探偵	クラブ	アクセラ			
239	X	SSSX09	1	墜落天使症候群（フォールンスター・シンドローム）	2	イヌ	正義の猟犬（『HDB』P161）	イヌ	ブラックハウンド機動捜査課の捜査官	スペード	“白の”ジョエル			
240	X	SSSX09	1	墜落天使症候群（フォールンスター・シンドローム）	3	ニューロ	ニューロキッズ（『HDB』P168）	ニューロ	ハッカー	クラブ	記憶の中の少女			
241	X	SSSX09	1	墜落天使症候群（フォールンスター・シンドローム）	4	カタナ	現代の騎士（『HDB』P162）	指定なし	『③ニューロ』を助けるフリーランス、相棒	スペード	『③ニューロ』			
242	X	SSSX09	1	墜落天使症候群（フォールンスター・シンドローム）	5	バサラ	炎の退魔師（『TOS』P48）	指定なし	アメリアから依頼されるフリーランス	スペード	アメリア・アインスブルク			
243	X	SSSX09	2	奇跡のための連続殺人	1	フェイト			アクセラの依頼を受けた探偵	クラブ	アクセラ			
244	X	SSSX09	2	奇跡のための連続殺人	2	イヌ			ブラックハウンド機動捜査課の捜査官	スペード	“白の”ジョエル			
245	X	SSSX09	2	奇跡のための連続殺人	3	ニューロ			ハッカー	クラブ	アクセラ			
246	X	SSSX09	2	奇跡のための連続殺人	4	カタナ			『③ニューロ』を助けるフリーランス、相棒	スペード	『③ニューロ』			
247	X	SSSX09	2	奇跡のための連続殺人	5	バサラ			フリーランス	スペード	アクセラ			
248	X	SSSX09	3	神は天にあり	1	フェイト			アクセラと暮らす探偵	クラブ	アクセラ			
249	X	SSSX09	3	神は天にあり	2	イヌ			ブラックハウンド機動捜査課の捜査官	スペード	“白の”ジョエル			
250	X	SSSX09	3	神は天にあり	3	ニューロ			ハッカー	ダイヤ	安城珠美（あんじょう・たまみ）			
251	X	SSSX09	3	神は天にあり	4	カタナ			『③ニューロ』を助けるフリーランス、相棒	スペード	『③ニューロ』			
252	X	SSSX09	3	神は天にあり	5	バサラ			フリーランス	スペード	アクセラ			
253	X	SSSX10	1	FIRE STALKER	1	イブキ	ライフセイバー（『ATS』P36）	イブキ	シルバーレスキューの隊員	クラブ	沙桐（さぎり）ミサ			
254	X	SSSX10	1	FIRE STALKER	2	イヌ	正義の猟犬（『HDB』P161）	イヌ	ブラックハウンド機動捜査課	ダイヤ	『①イブキ』			
255	X	SSSX10	1	FIRE STALKER	3	ニューロ	ニューロキッズ（『HDB』P168）	ニューロ	ハッカー。カズホの友人	クラブ	カズホ			
256	X	SSSX10	1	FIRE STALKER	4	カタナ	現代の騎士（『HDB』P162）	指定なし	フリーの荒事屋	スペード	“ファイアストーカー”			
257	X	SSSX10	1	FIRE STALKER	5	トーキー	遊撃記者（『HDB』P163）	トーキー	フリーの記者	ダイヤ	“ファイアストーカー”			
258	X	SSSX10	2	World Savers Go!!	1	イブキ		指定なし	ワールドセイバーズ。人命救助担当	スペード	バージル・ストロード			
259	X	SSSX10	2	World Savers Go!!	2	カゼ		指定なし	ワールドセイバーズ。救助マシン操縦担当	スペード	バージル・ストロード			
260	X	SSSX10	2	World Savers Go!!	3	カタナ		指定なし	ワールドセイバーズ。潜入戦闘担当	スペード	バージル・ストロード			
261	X	SSSX10	2	World Savers Go!!	4	ニューロ		指定なし	ワールドセイバーズ。オペレーション担当	スペード	バージル・ストロード			
262	X	SSSX10	2	World Savers Go!!	5	コモン		指定なし	ワールドセイバーズ。バージルの秘書として同行	スペード	バージル・ストロード			
263	X	SSSX10	3	アタック・オブ・ザ・ニューロゾンビ	1	イブキ	ライフセイバー（『ATS』P36）	指定なし	指定なし	スペード	要救助者たち			
264	X	SSSX10	3	アタック・オブ・ザ・ニューロゾンビ	2	コモン	一般人（『ATS』P40）	指定なし	指定なし	クラブ	ヨシコ・フィッシャー			
265	X	SSSX10	3	アタック・オブ・ザ・ニューロゾンビ	3	カタナ	現代の騎士（『HDB』P162）	指定なし	指定なし	クラブ	うごめく屍者			
266	X	SSSX10	3	アタック・オブ・ザ・ニューロゾンビ	4	カゼ	災厄のカゼ（『HDB』P165）	指定なし	指定なし	クラブ	うごめく屍者			
267	X	SSSX10	3	アタック・オブ・ザ・ニューロゾンビ	5	バサラ	ニューロエイジの魔術師（『HDB』P169）	指定なし	指定なし	クラブ	うごめく屍者			
268	X	SSSX11	1	新たなる契約者	1	シキガミ	式神使い（『ATS』P42）	シキガミ	退魔師。命を失い、玉麟と契約したシキガミ	ハート	玉麟（ぎょくりん）			
269	X	SSSX11	1	新たなる契約者	2	アヤカシ	鋼の人狼（『TOS』P50）	アヤカシ	サロン・ドルファンの狩人	ダイヤ	蛇狼丸（じゃろうまる）			
270	X	SSSX11	1	新たなる契約者	3	バサラ	炎の退魔師（『TOS』P48）	指定なし	聖母殿のエージェント	スペード	アシュリー・レン			
271	X	SSSX11	1	新たなる契約者	4	マヤカシ	ニューロエイジの魔術師（『HDB』P169）	指定なし	フリーランス。占いじじいの弟子	スペード	ヴァンドルフ・ガーレン			
272	X	SSSX11	1	新たなる契約者	5	カタナ	現代の騎士（『HDB』P162）	指定なし	荒事屋。聖母殿の協力者	ダイヤ	アメリア・アインスブルク			
273	X	SSSX11	2	呪われたマンション（シナリオフック）	1	シキガミ				スペード	有原ヒロヤ			
274	X	SSSX11	2	呪われたマンション（シナリオフック）	2	アヤカシ				ダイヤ	ヒトガタ			
275	X	SSSX11	2	呪われたマンション（シナリオフック）	3	バサラ				ハート	玉麟（ぎょくりん）			
276	X	SSSX11	2	呪われたマンション（シナリオフック）	4	マヤカシ				ダイヤ	“ビッグ・マム”マリー			
277	X	SSSX11	2	呪われたマンション（シナリオフック）	5	カタナ				ダイヤ	『③バサラ』			
278	X	SSSX11	3	魔宴の果てに	1	シキガミ		シキガミ	玉麟の使い手である退魔師	ハート	玉麟			
279	X	SSSX11	3	魔宴の果てに	2	アヤカシ		アヤカシ	サロン・ドルファンのアヤカシ	ダイヤ	『①シキガミ』			
280	X	SSSX11	3	魔宴の果てに	3	バサラ		指定なし	聖母殿のエージェント	スペード	アシュリー・レン			
281	X	SSSX11	3	魔宴の果てに	4	マヤカシ		指定なし	ヴァンドルフと同門の魔術師	スペード	ヴァンドルフ・ガーレン			
282	X	SSSX11	3	魔宴の果てに	5	カタナ		指定なし	聖母殿の協力者	スペード	『③バサラ』			
283	X	SSSX11	4	慟哭の夜（シナリオフック）	1	シキガミ				ハート	玉麟			
284	X	SSSX11	4	慟哭の夜（シナリオフック）	2	アヤカシ				ダイヤ	蛇狼丸（じゃろうまる）			
285	X	SSSX11	4	慟哭の夜（シナリオフック）	3	バサラ				スペード	アシュリー・レン			
286	X	SSSX11	4	慟哭の夜（シナリオフック）	4	マヤカシ				ダイヤ	龍印姫子（りゅういん・ひめこ）			
287	X	SSSX11	4	慟哭の夜（シナリオフック）	5	カタナ				ダイヤ	『③バサラ』			
288	X	SSSX11	5	魔神咆哮	1	シキガミ		シキガミ	神魔楔械玉麟の契約者	ハート	玉麟			
289	X	SSSX11	5	魔神咆哮	2	アヤカシ		アヤカシ	サロン・ドルファンの狩人	ダイヤ	アルドラ・ドルファン			
290	X	SSSX11	5	魔神咆哮	3	バサラ		指定なし	聖母殿のエージェント	ダイヤ	アシュリー・レン			
291	X	SSSX11	5	魔神咆哮	4	マヤカシ		指定なし	ヴァンドルフ・ガーレンの同門	スペード	ヴァンドルフ・ガーレン			
292	X	SSSX11	5	魔神咆哮	5	カタナ		指定なし	聖母殿の協力者	ダイヤ	『③バサラ』			
293	X	SSSX11	6	魔神殺し（シナリオフック）	1	シキガミ				ダイヤ	盤古			
294	X	SSSX11	6	魔神殺し（シナリオフック）	2	アヤカシ				ダイヤ	盤古			
295	X	SSSX11	6	魔神殺し（シナリオフック）	3	バサラ				ダイヤ	盤古			
296	X	SSSX11	6	魔神殺し（シナリオフック）	4	マヤカシ				ダイヤ	盤古			
297	X	SSSX11	6	魔神殺し（シナリオフック）	5	カタナ				ダイヤ	盤古			
298	X	SSSX12	1	遙か星の彼方へ	1	タタラ	ニューロキッズ（『HDB』P168）	タタラ	亜空間方程式を解いた科学者	スペード	クリル			
299	X	SSSX12	1	遙か星の彼方へ	2	クグツ	企業戦士（『HDB』P162）	クグツ	千早重工後方処理課第三班	ダイヤ	千早雅之			
300	X	SSSX12	1	遙か星の彼方へ	3	カタナ	現代の騎士（『HDB』P162）	指定なし	フリーランス	ダイヤ	バドーガ			
301	X	SSSX12	1	遙か星の彼方へ	4	イヌ	正義の猟犬（『HDB』P161）	イヌ	ブラックハウンド機動捜査課	ダイヤ	レイ			
302	X	SSSX12	1	遙か星の彼方へ	5	カブトワリ	災厄のカゼ（『HDB』P165）	指定なし	フリーランス。アメリア・アインスブルクの依頼を受ける	ダイヤ	クリル			
303	X	SSSX12	2	タイムポリス	1	エトランゼ	宇宙人（『ATS』P44）	エトランゼ	時空警察の捜査官	ダイヤ	エリオット・ブレイン			
304	X	SSSX12	2	タイムポリス	2	タタラ	ニューロキッズ（『HDB』P168）	指定なし	科学者 or 学生	クラブ	永久野（とわの）ミソノ			
305	X	SSSX12	2	タイムポリス	3	イヌ	正義の猟犬（『HDB』P161）	イヌ	ブラックハウンド機動捜査課	ダイヤ	エリオット・ブレイン			
306	X	SSSX12	2	タイムポリス	4	フェイト	不屈の探偵（『HDB』P160）	指定なし	フリーランス	スペード	アメリア・アインスブルク			
307	X	SSSX12	2	タイムポリス	5	カブト	ボディガード（『BTD』P57）	カブト	ボディガード	ダイヤ	沢渡（さわたり）トキオ			
308	X	SSSX12	3	エトランゼバース	1	エトランゼ		〈フロム：パラレルワールド〉	パラレルワールドからやってきたゲーマー	スペード	緑の女神			
309	X	SSSX12	3	エトランゼバース	2	エトランゼ		〈フロム：アウタースペース〉	N◎VAに来た宇宙人	スペード	緑の女神			
310	X	SSSX12	3	エトランゼバース	3	エトランゼ		〈フロム：フューチャー〉	未来から来た未来人	スペード	緑の女神			
311	X	SSSX12	3	エトランゼバース	4	エトランゼ		〈フロム：シバルリー or ソーサリー〉	ファンタジー世界の住民	スペード	緑の女神			
312	X	SSSX12	3	エトランゼバース	5	エトランゼ		〈フロム：パースト〉	過去から来た異邦人	スペード	緑の女神			
313	X	SSSX13	1	運命交差点	1	コモン	一般人（『ATS』P40）	コモン	通りすがりの一般人	ダイヤ	交差点の男			
314	X	SSSX13	1	運命交差点	2	クグツ	企業戦士（『HDB』P162）	クグツ	千早重工後方処理課第三班所属	ダイヤ	佐間原謙邑（さまはら・けんゆう）			
315	X	SSSX13	1	運命交差点	3	カブト	ボディガード（『BTD』P57）	指定なし	ボディガード	スペード	『①コモン』			
316	X	SSSX13	1	運命交差点	4	トーキー	遊撃記者（『HDB』P163）	トーキー	事件を取材するジャーナリスト	ダイヤ	告発者			
317	X	SSSX13	1	運命交差点	5	イヌ	正義の猟犬（『HDB』P161）	イヌ	ブラックハウンド機動捜査課の捜査員	ダイヤ	レイ			
318	X	SSSX13	2	激闘!!　ニューロサッカー	1	コモン	一般人（『ATS』P40）	指定なし	新星スターズ所属	スペード	松岡マモル			
319	X	SSSX13	2	激闘!!　ニューロサッカー	2	カブト	現代の騎士（『HDB』P162）	指定なし	松岡マモルから新星スターズを託される	スペード	松岡マモル			
320	X	SSSX13	2	激闘!!　ニューロサッカー	3	クグツ	企業戦士（『HDB』P162）	指定なし	千早グループ所属	ダイヤ	千早雅之			
321	X	SSSX13	2	激闘!!　ニューロサッカー	4	ニューロ	ニューロキッズ（『HDB』P168）	指定なし	新星スターズ所属	クラブ	『①コモン』			
322	X	SSSX13	2	激闘!!　ニューロサッカー	5	ハイランダー	地上の天使（『BTD』P59）	指定なし	御館ナイトと因縁を持つ	スペード	御館（みたて）ナイト			
323	X	SSSX13	3	命がけの娯楽（ライフ・イズ・ゲーム）	1	コモン	一般人（『ATS』P40）	コモン	一般人	クラブ	ステュアート・ビーンウェル			
324	X	SSSX13	3	命がけの娯楽（ライフ・イズ・ゲーム）	2	カブト	現代の騎士（『HDB』P162）	カブト	フリーランス	スペード	ステュアート・ビーンウェル			
325	X	SSSX14	1	アイドル北へ行く	1	トーキー	遊撃記者（『HDB』P163）	トーキー	アイドルを密着取材する記者	クラブ	結城あや			
326	X	SSSX14	1	アイドル北へ行く	2	クグツ	企業戦士（『HDB』P162）	クグツ	千早重工カムイST☆R支社所属	ダイヤ	メルトダウン			
327	X	SSSX14	1	アイドル北へ行く	3	その他	ボディガード（『BTD』P57）	指定なし	アイドルの護衛を依頼される	ダイヤ	結城あや			
328	X	SSSX14	1	アイドル北へ行く	4	その他	ニューロキッズ（『HDB』P168）	指定なし	アイドルの護衛を依頼される	ダイヤ	結城あや			
329	X	SSSX14	1	アイドル北へ行く	5	その他	現代の騎士（『HDB』P162）	指定なし	アイドルの護衛を依頼される	ダイヤ	結城あや			
330	X	SSSX14	2	13mmの死神	1	トーキー	遊撃記者（『HDB』P163）	トーキー	アイドルに取材する記者	クラブ	結城あや			
331	X	SSSX14	2	13mmの死神	2	イヌ	正義の猟犬（『HDB』P161）	イヌ	ブラックハウンド隊員	スペード	稲垣光平			
332	X	SSSX14	2	13mmの死神	3	その他	現代の騎士（『HDB』P162）	指定なし	ストリートの腕利き	ダイヤ	“レティクル座人”ゾヲン			
333	X	SSSX14	2	13mmの死神	4	その他	ニューロキッズ（『HDB』P168）	指定なし	ストリートの腕利き	ダイヤ	“レティクル座人”ゾヲン			
334	X	SSSX14	2	13mmの死神	5	その他	不屈の探偵（『HDB』P160）	指定なし	ストリートの腕利き	ダイヤ	“レティクル座人”ゾヲン			
335	X	SSSX14	3	ラストステージ	1	トーキー	遊撃記者（『HDB』P163）	トーキー	記者。1099便ファーストクラス乗客	ダイヤ	結城あや			
336	X	SSSX14	3	ラストステージ	2	イヌ	正義の猟犬（『HDB』P161）	指定なし	1099便乗客（注：コネはエコノミー選択時のもの）	スペード	ジョー			
337	X	SSSX14	3	ラストステージ	3	フェイト	不屈の探偵（『HDB』P160）	指定なし	1099便乗客（注：コネはエコノミー選択時のもの）	スペード	ジョー			
338	X	SSSX14	3	ラストステージ	4	ニューロ	ニューロキッズ（『HDB』P168）	指定なし	1099便乗客（注：コネはコンテナ選択時のもの）	ダイヤ	セロ			
339	X	SSSX14	3	ラストステージ	5	カブト	現代の騎士（『HDB』P162）	指定なし	1099便乗客（注：コネはコンテナ選択時のもの）	ダイヤ	セロ			
340	X	SSSX14	4	Sound of Silence Untold Story	1	トーキー	遊撃記者（『HDB』P163）	トーキー	チャンネル99の依頼を受けるジャーナリスト	スペード	結城あや			
341	X	SSSX14	4	Sound of Silence Untold Story	2	エグゼク	天才経営者（『NAN』P16）	指定なし	若き成功者	ダイヤ	ブラックマン			
342	X	SSSX14	4	Sound of Silence Untold Story	3	フェイト	不屈の探偵（『HDB』P160）	フェイト	ジャーナリストの死を調査する探偵	ダイヤ	ホワイトマン			
343	X	SSSX14	4	Sound of Silence Untold Story	4	カブト	現代の騎士（『HDB』P162）	指定なし	アメリア・アインスブルクの依頼を受ける荒事屋	クラブ	『②エグゼク』			
344	X	SSSX14	4	Sound of Silence Untold Story	5	カブト	ボディガード（『BTD』P57）	指定なし	ボディガード	ダイヤ	結城あや			
345	X	MSC01	1	冬寂の娘	1	カブト	現代の騎士	カブト	ボディガード	クラブ	スー			
346	X	MSC01	1	冬寂の娘	2	フェイト	不屈の探偵	フェイト	探偵	スペード	シュリンカー			
347	X	MSC01	1	冬寂の娘	3	クグツ	企業戦士	クグツ	千早重工後方処理課第三班	ダイヤ	小上紫乃			
348	X	MSC01	1	冬寂の娘	4	レッガー	任侠戦士	指定なし	河渡連合から依頼を受ける	ハート	河渡白夜			
349	X	MSC01	1	冬寂の娘	5	トーキー	遊撃記者	トーキー	フリーのジャーナリスト	ダイヤ	消えた女			
350	X	MSC01	2	白い手	1	バサラ	エクソシスト	バサラ or マヤカシ	退魔師	スペード	“ビッグ・マム”マリー			
351	X	MSC01	2	白い手	2	レッガー	任侠戦士	指定なし	河渡白夜から依頼を受ける	ハート	河渡白夜			
352	X	MSC01	2	白い手	3	トーキー	遊撃記者	指定なし	幽霊小路を通りかかる	クラブ	白い手			
353	X	MSC01	2	白い手	4	マヤカシ	ニューロエイジの魔術師	指定なし	『①バサラ』～『③トーキー』のバディ	同左	『①バサラ』～『③トーキー』と同じ			
354	X	MSC01	2	白い手	5	カタナ	現代の騎士	指定なし	『①バサラ』～『③トーキー』のバディ	同左	『①バサラ』～『③トーキー』と同じ			
355	X	MSC01	3	HOWL FROM BEYOND	1	バサラ	エクソシスト	バサラ or マヤカシ	聖母殿の退魔師	クラブ	彼方からの声			
356	X	MSC01	3	HOWL FROM BEYOND	2	クグツ	企業戦士	クグツ	千早重工後方処理課第三班	スペード	千早雅之			
357	X	MSC01	3	HOWL FROM BEYOND	3	フェイト	不屈の探偵	指定なし	芳華玲の頼まれ事を引き受ける	スペード	“癒し手”芳華玲			
358	X	MSC01	3	HOWL FROM BEYOND	4	マヤカシ	ニューロエイジの魔術師	指定なし	御門忍から頼まれる	クラブ	御門忍			
359	X	MSC01	3	HOWL FROM BEYOND	5	カタナ	現代の騎士	指定なし	賞金稼ぎ	ダイヤ	“狼王”エリス			
360	X	MSC01	4	Promised Land	1	バサラ	エクソシスト	バサラ or マヤカシ	聖母殿の退魔師	スペード	アンドレア・ガーフ			
361	X	MSC01	4	Promised Land	2	アヤカシ	鋼の人狼	アヤカシ	サロン・ドルファンの狩人	ダイヤ	アルドラ・ドルファン			
362	X	MSC01	4	Promised Land	3	フェイト	不屈の探偵	指定なし	ロージーの知り合い、友人	クラブ	ロージー			
363	X	MSC01	4	Promised Land	4	クグツ	企業戦士	クグツ	千早重工後方処理課第三班	ダイヤ	小上紫乃			
364	X	MSC01	4	Promised Land	5	トーキー	遊撃記者	トーキー	フリーランスの記者	ダイヤ	九条政次			
